/*
 Navicat Premium Data Transfer

 Source Server         : a
 Source Server Type    : MySQL
 Source Server Version : 80012
 Source Host           : localhost:3306
 Source Schema         : sky_take_out

 Target Server Type    : MySQL
 Target Server Version : 80012
 File Encoding         : 65001

 Date: 11/07/2024 15:11:58
*/

SET NAMES utf8mb4;
SET FOREIGN_KEY_CHECKS = 0;

-- ----------------------------
-- Table structure for address_book
-- ----------------------------
DROP TABLE IF EXISTS `address_book`;
CREATE TABLE `address_book`  (
  `id` bigint(20) NOT NULL AUTO_INCREMENT COMMENT '主键',
  `user_id` bigint(20) NOT NULL COMMENT '用户id',
  `consignee` varchar(50) CHARACTER SET utf8 COLLATE utf8_bin NULL DEFAULT NULL COMMENT '收货人',
  `sex` varchar(2) CHARACTER SET utf8 COLLATE utf8_bin NULL DEFAULT NULL COMMENT '性别',
  `phone` varchar(11) CHARACTER SET utf8 COLLATE utf8_bin NOT NULL COMMENT '手机号',
  `province_code` varchar(12) CHARACTER SET utf8mb4 COLLATE utf8mb4_0900_ai_ci NULL DEFAULT NULL COMMENT '省级区划编号',
  `province_name` varchar(32) CHARACTER SET utf8mb4 COLLATE utf8mb4_0900_ai_ci NULL DEFAULT NULL COMMENT '省级名称',
  `city_code` varchar(12) CHARACTER SET utf8mb4 COLLATE utf8mb4_0900_ai_ci NULL DEFAULT NULL COMMENT '市级区划编号',
  `city_name` varchar(32) CHARACTER SET utf8mb4 COLLATE utf8mb4_0900_ai_ci NULL DEFAULT NULL COMMENT '市级名称',
  `district_code` varchar(12) CHARACTER SET utf8mb4 COLLATE utf8mb4_0900_ai_ci NULL DEFAULT NULL COMMENT '区级区划编号',
  `district_name` varchar(32) CHARACTER SET utf8mb4 COLLATE utf8mb4_0900_ai_ci NULL DEFAULT NULL COMMENT '区级名称',
  `detail` varchar(200) CHARACTER SET utf8mb4 COLLATE utf8mb4_0900_ai_ci NULL DEFAULT NULL COMMENT '详细地址',
  `label` varchar(100) CHARACTER SET utf8mb4 COLLATE utf8mb4_0900_ai_ci NULL DEFAULT NULL COMMENT '标签',
  `is_default` tinyint(1) NOT NULL DEFAULT 0 COMMENT '默认 0 否 1是',
  PRIMARY KEY (`id`) USING BTREE
) ENGINE = InnoDB AUTO_INCREMENT = 2 CHARACTER SET = utf8 COLLATE = utf8_bin COMMENT = '地址簿' ROW_FORMAT = Dynamic;

-- ----------------------------
-- Records of address_book
-- ----------------------------
INSERT INTO `address_book` VALUES (2, 4, '张三', '0', '18913402242', '35', '福建省', '3502', '厦门市', '350211', '集美区', '厦门理工学院', '1', 1);

-- ----------------------------
-- Table structure for category
-- ----------------------------
DROP TABLE IF EXISTS `category`;
CREATE TABLE `category`  (
  `id` bigint(20) NOT NULL AUTO_INCREMENT COMMENT '主键',
  `type` int(11) NULL DEFAULT NULL COMMENT '类型   1 菜品分类 2 套餐分类',
  `name` varchar(32) CHARACTER SET utf8 COLLATE utf8_bin NOT NULL COMMENT '分类名称',
  `sort` int(11) NOT NULL DEFAULT 0 COMMENT '顺序',
  `status` int(11) NULL DEFAULT NULL COMMENT '分类状态 0:禁用，1:启用',
  `create_time` datetime NULL DEFAULT NULL COMMENT '创建时间',
  `update_time` datetime NULL DEFAULT NULL COMMENT '更新时间',
  `create_user` bigint(20) NULL DEFAULT NULL COMMENT '创建人',
  `update_user` bigint(20) NULL DEFAULT NULL COMMENT '修改人',
  PRIMARY KEY (`id`) USING BTREE,
  UNIQUE INDEX `idx_category_name`(`name` ASC) USING BTREE
) ENGINE = InnoDB AUTO_INCREMENT = 23 CHARACTER SET = utf8 COLLATE = utf8_bin COMMENT = '菜品及套餐分类' ROW_FORMAT = Dynamic;

-- ----------------------------
-- Records of category
-- ----------------------------
INSERT INTO `category` VALUES (11, 1, '酒水饮料', 10, 1, '2022-06-09 22:09:18', '2022-06-09 22:09:18', 1, 1);
INSERT INTO `category` VALUES (12, 1, '传统主食', 9, 1, '2022-06-09 22:09:32', '2022-06-09 22:18:53', 1, 1);
INSERT INTO `category` VALUES (13, 2, '人气套餐', 12, 1, '2022-06-09 22:11:38', '2022-06-10 11:04:40', 1, 1);
INSERT INTO `category` VALUES (15, 2, '商务套餐', 13, 1, '2022-06-09 22:14:10', '2022-06-10 11:04:48', 1, 1);
INSERT INTO `category` VALUES (16, 1, '蜀味烤鱼hot', 4, 1, '2022-06-09 22:15:37', '2024-07-11 14:48:58', 1, 1);
INSERT INTO `category` VALUES (17, 1, '蜀味牛蛙', 5, 1, '2022-06-09 22:16:14', '2022-08-31 14:39:44', 1, 1);
INSERT INTO `category` VALUES (18, 1, '特色蒸菜', 6, 1, '2022-06-09 22:17:42', '2022-06-09 22:17:42', 1, 1);
INSERT INTO `category` VALUES (19, 1, '新鲜时蔬', 7, 1, '2022-06-09 22:18:12', '2022-06-09 22:18:28', 1, 1);
INSERT INTO `category` VALUES (20, 1, '水煮鱼', 8, 1, '2022-06-09 22:22:29', '2022-06-09 22:23:45', 1, 1);
INSERT INTO `category` VALUES (21, 1, '汤类', 11, 1, '2022-06-10 10:51:47', '2022-06-10 10:51:47', 1, 1);

-- ----------------------------
-- Table structure for dish
-- ----------------------------
DROP TABLE IF EXISTS `dish`;
CREATE TABLE `dish`  (
  `id` bigint(20) NOT NULL AUTO_INCREMENT COMMENT '主键',
  `name` varchar(32) CHARACTER SET utf8 COLLATE utf8_bin NOT NULL COMMENT '菜品名称',
  `category_id` bigint(20) NOT NULL COMMENT '菜品分类id',
  `price` decimal(10, 2) NULL DEFAULT NULL COMMENT '菜品价格',
  `image` varchar(255) CHARACTER SET utf8 COLLATE utf8_bin NULL DEFAULT NULL COMMENT '图片',
  `description` varchar(255) CHARACTER SET utf8 COLLATE utf8_bin NULL DEFAULT NULL COMMENT '描述信息',
  `status` int(11) NULL DEFAULT 1 COMMENT '0 停售 1 起售',
  `create_time` datetime NULL DEFAULT NULL COMMENT '创建时间',
  `update_time` datetime NULL DEFAULT NULL COMMENT '更新时间',
  `create_user` bigint(20) NULL DEFAULT NULL COMMENT '创建人',
  `update_user` bigint(20) NULL DEFAULT NULL COMMENT '修改人',
  PRIMARY KEY (`id`) USING BTREE,
  UNIQUE INDEX `idx_dish_name`(`name` ASC) USING BTREE
) ENGINE = InnoDB AUTO_INCREMENT = 70 CHARACTER SET = utf8 COLLATE = utf8_bin COMMENT = '菜品' ROW_FORMAT = Dynamic;

-- ----------------------------
-- Records of dish
-- ----------------------------
INSERT INTO `dish` VALUES (46, '王老吉', 11, 6.00, 'https://gd-hbimg.huaban.com/b22b8887ddca3ab941a15065b365f56c1f6481e635f36-87dXMa_fw658', '', 1, '2022-06-09 22:40:47', '2022-06-09 22:40:47', 1, 1);
INSERT INTO `dish` VALUES (47, '北冰洋', 11, 4.00, 'https://cdn.img.foodaily.com/images/articles/2022/12/25/nfSYAPOnHPxBSLJTvHNIAfNFKnjAt4Y5w5Dx4dIp.png', '还是小时候的味道', 1, '2022-06-10 09:18:49', '2022-06-10 09:18:49', 1, 1);
INSERT INTO `dish` VALUES (48, '雪花啤酒', 11, 4.00, 'https://img.51miz.com/Element/00/84/35/80/4bb74949_E843580_a9e64769.png', '', 1, '2022-06-10 09:22:54', '2022-06-10 09:22:54', 1, 1);
INSERT INTO `dish` VALUES (49, '米饭', 12, 2.00, 'https://tse2-mm.cn.bing.net/th/id/OIP-C.-6rpUUW56OBDZIFqYwRCCgHaHa?rs=1&pid=ImgDetMain', '精选五常大米', 1, '2022-06-10 09:30:17', '2022-06-10 09:30:17', 1, 1);
INSERT INTO `dish` VALUES (50, '馒头', 12, 1.00, 'https://tse2-mm.cn.bing.net/th/id/OIP-C.twgyezQGmswwBhk8x4iYFQHaE8?rs=1&pid=ImgDetMain', '优质面粉', 1, '2022-06-10 09:34:28', '2022-06-10 09:34:28', 1, 1);
INSERT INTO `dish` VALUES (51, '老坛酸菜鱼', 20, 56.00, 'https://tse3-mm.cn.bing.net/th/id/OIP-C.dtpQWOHwqgjAlfDkOELWUgHaE8?rs=1&pid=ImgDetMain', '原料：汤，草鱼，酸菜', 1, '2022-06-10 09:40:51', '2022-06-10 09:40:51', 1, 1);
INSERT INTO `dish` VALUES (52, '经典酸菜鮰鱼', 20, 66.00, 'https://cp1.douguo.com/upload/caiku/c/0/d/600x400_c07171578ad8d258a15b9f584be7145d.jpeg', '原料：酸菜，江团，鮰鱼', 1, '2022-06-10 09:46:02', '2022-06-10 09:46:02', 1, 1);
INSERT INTO `dish` VALUES (53, '蜀味水煮草鱼', 20, 38.00, 'https://ts1.cn.mm.bing.net/th/id/R-C.af50fc3fe48042b6198c4d28148cf8ce?rik=5mmZ2esjclKgog&riu=http%3a%2f%2fatth.jzb.com%2fforum%2f201704%2f24%2f095426hxu3237c53tu25ow.jpg&ehk=LYZE9qGnoO6h0AOLiQWdDRm0Axxj4BbSnNXvVZ4CKEk%3d&risl=&pid=ImgRaw&r=0', '原料：草鱼，汤', 1, '2022-06-10 09:48:37', '2022-06-10 09:48:37', 1, 1);
INSERT INTO `dish` VALUES (54, '清炒小油菜', 19, 18.00, 'https://pic.ecook.cn/web/260096464.jpg!wd780', '原料：小油菜', 1, '2022-06-10 09:51:46', '2022-06-10 09:51:46', 1, 1);
INSERT INTO `dish` VALUES (55, '蒜蓉娃娃菜', 19, 18.00, 'https://cp1.douguo.com/upload/caiku/d/d/c/yuan_dda3e6eecb2777e218bf3de2636dad9c.jpg', '原料：蒜，娃娃菜', 1, '2022-06-10 09:53:37', '2022-06-10 09:53:37', 1, 1);
INSERT INTO `dish` VALUES (56, '清炒西兰花', 19, 18.00, 'https://pic.nximg.cn/file/20230420/5320589_153754439104_2.jpg', '原料：西兰花', 1, '2022-06-10 09:55:44', '2022-06-10 09:55:44', 1, 1);
INSERT INTO `dish` VALUES (57, '炝炒圆白菜', 19, 18.00, 'https://tse2-mm.cn.bing.net/th/id/OIP-C.FbiAUiYOYgoT2PKui4mlbwHaE8?rs=1&pid=ImgDetMain', '原料：圆白菜', 1, '2022-06-10 09:58:35', '2022-06-10 09:58:35', 1, 1);
INSERT INTO `dish` VALUES (58, '清蒸鲈鱼', 18, 98.00, 'https://tse4-mm.cn.bing.net/th/id/OIP-C.gZIgXJWWeaydXknSWhFpMwHaFj?rs=1&pid=ImgDetMain', '原料：鲈鱼', 1, '2022-06-10 10:12:28', '2022-06-10 10:12:28', 1, 1);
INSERT INTO `dish` VALUES (59, '东坡肘子', 18, 138.00, 'https://pic3.zhimg.com/v2-d93313dd511929978d623e1e0b89687b_1440w.jpg?source=172ae18b', '原料：猪肘棒', 1, '2022-06-10 10:24:03', '2022-06-10 10:24:03', 1, 1);
INSERT INTO `dish` VALUES (60, '梅菜扣肉', 18, 58.00, 'https://pic.nximg.cn/file/20221122/31924045_141104463109_2.jpg', '原料：猪肉，梅菜', 1, '2022-06-10 10:26:03', '2024-07-08 15:12:26', 1, 1);
INSERT INTO `dish` VALUES (61, '剁椒鱼头', 18, 66.00, 'https://img95.699pic.com/photo/50133/7081.jpg_wh860.jpg', '原料：鲢鱼，剁椒', 1, '2022-06-10 10:28:54', '2022-06-10 10:28:54', 1, 1);
INSERT INTO `dish` VALUES (62, '金汤酸菜牛蛙', 17, 88.00, 'https://tse2-mm.cn.bing.net/th/id/OIP-C.wPoQvN6sToUiTBxcz4BGogHaE8?rs=1&pid=ImgDetMain', '原料：鲜活牛蛙，酸菜', 1, '2022-06-10 10:33:05', '2022-06-10 10:33:05', 1, 1);
INSERT INTO `dish` VALUES (63, '香锅牛蛙', 17, 88.00, 'https://pic.nximg.cn/file/20220113/28637521_162353723101_2.jpg', '配料：鲜活牛蛙，莲藕，青笋', 1, '2022-06-10 10:35:40', '2022-06-10 10:35:40', 1, 1);
INSERT INTO `dish` VALUES (64, '馋嘴牛蛙', 17, 88.00, 'https://img95.699pic.com/photo/50247/9417.jpg_wh860.jpg', '配料：鲜活牛蛙，丝瓜，黄豆芽', 1, '2022-06-10 10:37:52', '2022-06-10 10:37:52', 1, 1);
INSERT INTO `dish` VALUES (65, '草鱼2斤', 16, 68.00, 'https://tse3-mm.cn.bing.net/th/id/OIP-C.6DoiZavKd9ZAoEwqmkdvcAHaEu?rs=1&pid=ImgDetMain', '原料：草鱼，黄豆芽，莲藕', 1, '2022-06-10 10:41:08', '2022-06-10 10:41:08', 1, 1);
INSERT INTO `dish` VALUES (66, '江团鱼2斤', 16, 119.00, 'https://tse1-mm.cn.bing.net/th/id/OIP-C.cnWvvWmnXLlG9AEYbrXk2QHaE8?rs=1&pid=ImgDetMain', '配料：江团鱼，黄豆芽，莲藕', 1, '2022-06-10 10:42:42', '2022-06-10 10:42:42', 1, 1);
INSERT INTO `dish` VALUES (67, '鮰鱼2斤', 16, 72.00, 'https://img95.699pic.com/photo/50086/0880.jpg_wh300.jpg', '原料：鮰鱼，黄豆芽，莲藕', 1, '2022-06-10 10:43:56', '2024-07-11 14:49:42', 1, 1);
INSERT INTO `dish` VALUES (68, '鸡蛋汤', 21, 4.00, 'https://ts1.cn.mm.bing.net/th/id/R-C.b5ab91a79e12206d9b3528653726eb84?rik=RpH5eGKyAM5a%2fA&riu=http%3a%2f%2fpic.baike.soso.com%2fp%2f20140627%2f20140627115750-1603281307.jpg&ehk=WpLls9Sn9K13QIV07u82US4ZzT0J%2fKHmOTPbobXB2%2b4%3d&risl=&pid=ImgRaw&r=0', '配料：鸡蛋，紫菜', 1, '2022-06-10 10:54:25', '2022-06-10 10:54:25', 1, 1);
INSERT INTO `dish` VALUES (69, '平菇豆腐汤', 21, 6.00, 'https://tse3-mm.cn.bing.net/th/id/OIP-C.5IobKneU-lJkcNIMi8yFuQHaEL?rs=1&pid=ImgDetMain', '配料：豆腐，平菇', 1, '2022-06-10 10:55:02', '2022-06-10 10:55:02', 1, 1);

-- ----------------------------
-- Table structure for dish_flavor
-- ----------------------------
DROP TABLE IF EXISTS `dish_flavor`;
CREATE TABLE `dish_flavor`  (
  `id` bigint(20) NOT NULL AUTO_INCREMENT COMMENT '主键',
  `dish_id` bigint(20) NOT NULL COMMENT '菜品',
  `name` varchar(32) CHARACTER SET utf8 COLLATE utf8_bin NULL DEFAULT NULL COMMENT '口味名称',
  `value` varchar(255) CHARACTER SET utf8 COLLATE utf8_bin NULL DEFAULT NULL COMMENT '口味数据list',
  PRIMARY KEY (`id`) USING BTREE
) ENGINE = InnoDB AUTO_INCREMENT = 104 CHARACTER SET = utf8 COLLATE = utf8_bin COMMENT = '菜品口味关系表' ROW_FORMAT = Dynamic;

-- ----------------------------
-- Records of dish_flavor
-- ----------------------------
INSERT INTO `dish_flavor` VALUES (40, 10, '甜味', '[\"无糖\",\"少糖\",\"半糖\",\"多糖\",\"全糖\"]');
INSERT INTO `dish_flavor` VALUES (41, 7, '忌口', '[\"不要葱\",\"不要蒜\",\"不要香菜\",\"不要辣\"]');
INSERT INTO `dish_flavor` VALUES (42, 7, '温度', '[\"热饮\",\"常温\",\"去冰\",\"少冰\",\"多冰\"]');
INSERT INTO `dish_flavor` VALUES (45, 6, '忌口', '[\"不要葱\",\"不要蒜\",\"不要香菜\",\"不要辣\"]');
INSERT INTO `dish_flavor` VALUES (46, 6, '辣度', '[\"不辣\",\"微辣\",\"中辣\",\"重辣\"]');
INSERT INTO `dish_flavor` VALUES (47, 5, '辣度', '[\"不辣\",\"微辣\",\"中辣\",\"重辣\"]');
INSERT INTO `dish_flavor` VALUES (48, 5, '甜味', '[\"无糖\",\"少糖\",\"半糖\",\"多糖\",\"全糖\"]');
INSERT INTO `dish_flavor` VALUES (49, 2, '甜味', '[\"无糖\",\"少糖\",\"半糖\",\"多糖\",\"全糖\"]');
INSERT INTO `dish_flavor` VALUES (50, 4, '甜味', '[\"无糖\",\"少糖\",\"半糖\",\"多糖\",\"全糖\"]');
INSERT INTO `dish_flavor` VALUES (51, 3, '甜味', '[\"无糖\",\"少糖\",\"半糖\",\"多糖\",\"全糖\"]');
INSERT INTO `dish_flavor` VALUES (52, 3, '忌口', '[\"不要葱\",\"不要蒜\",\"不要香菜\",\"不要辣\"]');
INSERT INTO `dish_flavor` VALUES (86, 52, '忌口', '[\"不要葱\",\"不要蒜\",\"不要香菜\",\"不要辣\"]');
INSERT INTO `dish_flavor` VALUES (87, 52, '辣度', '[\"不辣\",\"微辣\",\"中辣\",\"重辣\"]');
INSERT INTO `dish_flavor` VALUES (88, 51, '忌口', '[\"不要葱\",\"不要蒜\",\"不要香菜\",\"不要辣\"]');
INSERT INTO `dish_flavor` VALUES (89, 51, '辣度', '[\"不辣\",\"微辣\",\"中辣\",\"重辣\"]');
INSERT INTO `dish_flavor` VALUES (92, 53, '忌口', '[\"不要葱\",\"不要蒜\",\"不要香菜\",\"不要辣\"]');
INSERT INTO `dish_flavor` VALUES (93, 53, '辣度', '[\"不辣\",\"微辣\",\"中辣\",\"重辣\"]');
INSERT INTO `dish_flavor` VALUES (94, 54, '忌口', '[\"不要葱\",\"不要蒜\",\"不要香菜\"]');
INSERT INTO `dish_flavor` VALUES (95, 56, '忌口', '[\"不要葱\",\"不要蒜\",\"不要香菜\",\"不要辣\"]');
INSERT INTO `dish_flavor` VALUES (96, 57, '忌口', '[\"不要葱\",\"不要蒜\",\"不要香菜\",\"不要辣\"]');
INSERT INTO `dish_flavor` VALUES (97, 60, '忌口', '[\"不要葱\",\"不要蒜\",\"不要香菜\",\"不要辣\"]');
INSERT INTO `dish_flavor` VALUES (101, 66, '辣度', '[\"不辣\",\"微辣\",\"中辣\",\"重辣\"]');
INSERT INTO `dish_flavor` VALUES (102, 67, '辣度', '[\"不辣\",\"微辣\",\"中辣\",\"重辣\"]');
INSERT INTO `dish_flavor` VALUES (103, 65, '辣度', '[\"不辣\",\"微辣\",\"中辣\",\"重辣\"]');

-- ----------------------------
-- Table structure for employee
-- ----------------------------
DROP TABLE IF EXISTS `employee`;
CREATE TABLE `employee`  (
  `id` bigint(20) NOT NULL AUTO_INCREMENT COMMENT '主键',
  `name` varchar(32) CHARACTER SET utf8 COLLATE utf8_bin NOT NULL COMMENT '姓名',
  `username` varchar(32) CHARACTER SET utf8 COLLATE utf8_bin NOT NULL COMMENT '用户名',
  `password` varchar(64) CHARACTER SET utf8 COLLATE utf8_bin NOT NULL COMMENT '密码',
  `phone` varchar(11) CHARACTER SET utf8 COLLATE utf8_bin NOT NULL COMMENT '手机号',
  `sex` varchar(2) CHARACTER SET utf8 COLLATE utf8_bin NOT NULL COMMENT '性别',
  `id_number` varchar(18) CHARACTER SET utf8 COLLATE utf8_bin NOT NULL COMMENT '身份证号',
  `status` int(11) NOT NULL DEFAULT 1 COMMENT '状态 0:禁用，1:启用',
  `create_time` datetime NULL DEFAULT NULL COMMENT '创建时间',
  `update_time` datetime NULL DEFAULT NULL COMMENT '更新时间',
  `create_user` bigint(20) NULL DEFAULT NULL COMMENT '创建人',
  `update_user` bigint(20) NULL DEFAULT NULL COMMENT '修改人',
  PRIMARY KEY (`id`) USING BTREE,
  UNIQUE INDEX `idx_username`(`username` ASC) USING BTREE
) ENGINE = InnoDB AUTO_INCREMENT = 2 CHARACTER SET = utf8 COLLATE = utf8_bin COMMENT = '员工信息' ROW_FORMAT = Dynamic;

-- ----------------------------
-- Records of employee
-- ----------------------------
INSERT INTO `employee` VALUES (1, '管理员', 'admin', 'e10adc3949ba59abbe56e057f20f883e', '13812312312', '1', '110101199001010047', 1, '2022-02-15 15:51:20', '2022-02-17 09:16:20', 10, 1);

-- ----------------------------
-- Table structure for order_detail
-- ----------------------------
DROP TABLE IF EXISTS `order_detail`;
CREATE TABLE `order_detail`  (
  `id` bigint(20) NOT NULL AUTO_INCREMENT COMMENT '主键',
  `name` varchar(32) CHARACTER SET utf8 COLLATE utf8_bin NULL DEFAULT NULL COMMENT '名字',
  `image` varchar(255) CHARACTER SET utf8 COLLATE utf8_bin NULL DEFAULT NULL COMMENT '图片',
  `order_id` bigint(20) NOT NULL COMMENT '订单id',
  `dish_id` bigint(20) NULL DEFAULT NULL COMMENT '菜品id',
  `setmeal_id` bigint(20) NULL DEFAULT NULL COMMENT '套餐id',
  `dish_flavor` varchar(50) CHARACTER SET utf8 COLLATE utf8_bin NULL DEFAULT NULL COMMENT '口味',
  `number` int(11) NOT NULL DEFAULT 1 COMMENT '数量',
  `amount` decimal(10, 2) NOT NULL COMMENT '金额',
  PRIMARY KEY (`id`) USING BTREE
) ENGINE = InnoDB AUTO_INCREMENT = 8 CHARACTER SET = utf8 COLLATE = utf8_bin COMMENT = '订单明细表' ROW_FORMAT = Dynamic;

-- ----------------------------
-- Records of order_detail
-- ----------------------------
INSERT INTO `order_detail` VALUES (5, '打工人套餐', 'https://cool-take-out.oss-cn-beijing.aliyuncs.com/fcaeb47f-cc99-4795-83c5-ec09a48ba4dc.png', 4, NULL, 32, NULL, 1, 124.00);
INSERT INTO `order_detail` VALUES (6, '鮰鱼2斤', 'https://sky-itcast.oss-cn-beijing.aliyuncs.com/8cfcc576-4b66-4a09-ac68-ad5b273c2590.png', 5, 67, NULL, '不辣', 1, 72.00);
INSERT INTO `order_detail` VALUES (7, '鮰鱼2斤', 'https://sky-itcast.oss-cn-beijing.aliyuncs.com/8cfcc576-4b66-4a09-ac68-ad5b273c2590.png', 6, 67, NULL, '不辣', 1, 72.00);
INSERT INTO `order_detail` VALUES (8, '鮰鱼2斤', 'https://img95.699pic.com/photo/50086/0880.jpg_wh300.jpg', 7, 67, NULL, '不辣', 1, 72.00);
INSERT INTO `order_detail` VALUES (9, '鮰鱼2斤', 'https://img95.699pic.com/photo/50086/0880.jpg_wh300.jpg', 7, 67, NULL, '微辣', 1, 72.00);
INSERT INTO `order_detail` VALUES (10, '鮰鱼2斤', 'https://img95.699pic.com/photo/50086/0880.jpg_wh300.jpg', 8, 67, NULL, '不辣', 1, 72.00);

-- ----------------------------
-- Table structure for orders
-- ----------------------------
DROP TABLE IF EXISTS `orders`;
CREATE TABLE `orders`  (
  `id` bigint(20) NOT NULL AUTO_INCREMENT COMMENT '主键',
  `number` varchar(50) CHARACTER SET utf8 COLLATE utf8_bin NULL DEFAULT NULL COMMENT '订单号',
  `status` int(11) NOT NULL DEFAULT 1 COMMENT '订单状态 1待付款 2待接单 3已接单 4派送中 5已完成 6已取消 7退款',
  `user_id` bigint(20) NOT NULL COMMENT '下单用户',
  `address_book_id` bigint(20) NOT NULL COMMENT '地址id',
  `order_time` datetime NOT NULL COMMENT '下单时间',
  `checkout_time` datetime NULL DEFAULT NULL COMMENT '结账时间',
  `pay_method` int(11) NOT NULL DEFAULT 1 COMMENT '支付方式 1微信,2支付宝',
  `pay_status` tinyint(4) NOT NULL DEFAULT 0 COMMENT '支付状态 0未支付 1已支付 2退款',
  `amount` decimal(10, 2) NOT NULL COMMENT '实收金额',
  `remark` varchar(100) CHARACTER SET utf8 COLLATE utf8_bin NULL DEFAULT NULL COMMENT '备注',
  `phone` varchar(11) CHARACTER SET utf8 COLLATE utf8_bin NULL DEFAULT NULL COMMENT '手机号',
  `address` varchar(255) CHARACTER SET utf8 COLLATE utf8_bin NULL DEFAULT NULL COMMENT '地址',
  `user_name` varchar(32) CHARACTER SET utf8 COLLATE utf8_bin NULL DEFAULT NULL COMMENT '用户名称',
  `consignee` varchar(32) CHARACTER SET utf8 COLLATE utf8_bin NULL DEFAULT NULL COMMENT '收货人',
  `cancel_reason` varchar(255) CHARACTER SET utf8 COLLATE utf8_bin NULL DEFAULT NULL COMMENT '订单取消原因',
  `rejection_reason` varchar(255) CHARACTER SET utf8 COLLATE utf8_bin NULL DEFAULT NULL COMMENT '订单拒绝原因',
  `cancel_time` datetime NULL DEFAULT NULL COMMENT '订单取消时间',
  `estimated_delivery_time` datetime NULL DEFAULT NULL COMMENT '预计送达时间',
  `delivery_status` tinyint(1) NOT NULL DEFAULT 1 COMMENT '配送状态  1立即送出  0选择具体时间',
  `delivery_time` datetime NULL DEFAULT NULL COMMENT '送达时间',
  `pack_amount` int(11) NULL DEFAULT NULL COMMENT '打包费',
  `tableware_number` int(11) NULL DEFAULT NULL COMMENT '餐具数量',
  `tableware_status` tinyint(1) NOT NULL DEFAULT 1 COMMENT '餐具数量状态  1按餐量提供  0选择具体数量',
  PRIMARY KEY (`id`) USING BTREE
) ENGINE = InnoDB AUTO_INCREMENT = 7 CHARACTER SET = utf8 COLLATE = utf8_bin COMMENT = '订单表' ROW_FORMAT = Dynamic;

-- ----------------------------
-- Records of orders
-- ----------------------------
INSERT INTO `orders` VALUES (4, '1719653944333', 5, 4, 2, '2024-06-29 17:39:04', '2024-06-29 17:39:16', 1, 1, 131.00, '', '18913402242', '厦门理工学院', NULL, '张三', NULL, NULL, NULL, '2024-06-29 18:39:00', 0, '2024-06-29 17:42:21', 1, 0, 0);
INSERT INTO `orders` VALUES (5, '1719653978259', 5, 4, 2, '2024-06-29 17:39:38', '2024-06-29 17:39:54', 1, 1, 79.00, '', '18913402242', '厦门理工学院', NULL, '张三', NULL, NULL, NULL, '2024-06-29 18:39:00', 0, '2024-06-29 17:42:20', 1, 0, 0);
INSERT INTO `orders` VALUES (6, '1719654191111', 5, 4, 2, '2024-06-29 17:43:11', '2024-06-29 17:43:13', 1, 1, 79.00, '', '18913402242', '厦门理工学院', NULL, '张三', NULL, NULL, NULL, '2024-06-29 18:43:00', 0, '2024-07-08 09:19:54', 1, 0, 0);
INSERT INTO `orders` VALUES (7, '1720680823617', 6, 4, 2, '2024-07-11 14:53:44', NULL, 1, 0, 152.00, '', '18913402242', '厦门理工学院', NULL, '张三', '用户取消', NULL, '2024-07-11 14:56:17', '2024-07-11 15:53:00', 0, NULL, 2, 0, 0);
INSERT INTO `orders` VALUES (8, '1720680846542', 5, 4, 2, '2024-07-11 14:54:07', '2024-07-11 14:54:08', 1, 1, 79.00, '', '18913402242', '厦门理工学院', NULL, '张三', NULL, NULL, NULL, '2024-07-11 15:54:00', 0, '2024-07-11 14:54:59', 1, 0, 0);

-- ----------------------------
-- Table structure for setmeal
-- ----------------------------
DROP TABLE IF EXISTS `setmeal`;
CREATE TABLE `setmeal`  (
  `id` bigint(20) NOT NULL AUTO_INCREMENT COMMENT '主键',
  `category_id` bigint(20) NOT NULL COMMENT '菜品分类id',
  `name` varchar(32) CHARACTER SET utf8 COLLATE utf8_bin NOT NULL COMMENT '套餐名称',
  `price` decimal(10, 2) NOT NULL COMMENT '套餐价格',
  `status` int(11) NULL DEFAULT 1 COMMENT '售卖状态 0:停售 1:起售',
  `description` varchar(255) CHARACTER SET utf8 COLLATE utf8_bin NULL DEFAULT NULL COMMENT '描述信息',
  `image` varchar(255) CHARACTER SET utf8 COLLATE utf8_bin NULL DEFAULT NULL COMMENT '图片',
  `create_time` datetime NULL DEFAULT NULL COMMENT '创建时间',
  `update_time` datetime NULL DEFAULT NULL COMMENT '更新时间',
  `create_user` bigint(20) NULL DEFAULT NULL COMMENT '创建人',
  `update_user` bigint(20) NULL DEFAULT NULL COMMENT '修改人',
  PRIMARY KEY (`id`) USING BTREE,
  UNIQUE INDEX `idx_setmeal_name`(`name` ASC) USING BTREE
) ENGINE = InnoDB AUTO_INCREMENT = 33 CHARACTER SET = utf8 COLLATE = utf8_bin COMMENT = '套餐' ROW_FORMAT = Dynamic;

-- ----------------------------
-- Records of setmeal
-- ----------------------------
INSERT INTO `setmeal` VALUES (32, 13, '打工人套餐', 124.00, 0, '', 'https://cool-take-out.oss-cn-beijing.aliyuncs.com/fcaeb47f-cc99-4795-83c5-ec09a48ba4dc.png', '2024-06-29 17:20:10', '2024-07-11 14:49:29', 1, 1);
INSERT INTO `setmeal` VALUES (33, 15, '打工人2号套餐', 120.00, 1, '这个很多饭', 'https://take-out-file.oss-cn-beijing.aliyuncs.com/b59fb7e4-5196-424a-b751-73d2dc2f102b.png', '2024-07-11 14:59:16', '2024-07-11 14:59:35', 1, 1);

-- ----------------------------
-- Table structure for setmeal_dish
-- ----------------------------
DROP TABLE IF EXISTS `setmeal_dish`;
CREATE TABLE `setmeal_dish`  (
  `id` bigint(20) NOT NULL AUTO_INCREMENT COMMENT '主键',
  `setmeal_id` bigint(20) NULL DEFAULT NULL COMMENT '套餐id',
  `dish_id` bigint(20) NULL DEFAULT NULL COMMENT '菜品id',
  `name` varchar(32) CHARACTER SET utf8 COLLATE utf8_bin NULL DEFAULT NULL COMMENT '菜品名称 （冗余字段）',
  `price` decimal(10, 2) NULL DEFAULT NULL COMMENT '菜品单价（冗余字段）',
  `copies` int(11) NULL DEFAULT NULL COMMENT '菜品份数',
  PRIMARY KEY (`id`) USING BTREE
) ENGINE = InnoDB AUTO_INCREMENT = 49 CHARACTER SET = utf8 COLLATE = utf8_bin COMMENT = '套餐菜品关系' ROW_FORMAT = Dynamic;

-- ----------------------------
-- Records of setmeal_dish
-- ----------------------------
INSERT INTO `setmeal_dish` VALUES (47, 32, 49, '米饭', 2.00, 1);
INSERT INTO `setmeal_dish` VALUES (48, 32, 55, '蒜蓉娃娃菜', 18.00, 1);
INSERT INTO `setmeal_dish` VALUES (49, 32, 67, '鮰鱼2斤', 72.00, 1);
INSERT INTO `setmeal_dish` VALUES (50, 33, 49, '米饭', 2.00, 2);
INSERT INTO `setmeal_dish` VALUES (51, 33, 54, '清炒小油菜', 18.00, 1);
INSERT INTO `setmeal_dish` VALUES (52, 33, 64, '馋嘴牛蛙', 88.00, 1);

-- ----------------------------
-- Table structure for shopping_cart
-- ----------------------------
DROP TABLE IF EXISTS `shopping_cart`;
CREATE TABLE `shopping_cart`  (
  `id` bigint(20) NOT NULL AUTO_INCREMENT COMMENT '主键',
  `name` varchar(32) CHARACTER SET utf8 COLLATE utf8_bin NULL DEFAULT NULL COMMENT '商品名称',
  `image` varchar(255) CHARACTER SET utf8 COLLATE utf8_bin NULL DEFAULT NULL COMMENT '图片',
  `user_id` bigint(20) NOT NULL COMMENT '主键',
  `dish_id` bigint(20) NULL DEFAULT NULL COMMENT '菜品id',
  `setmeal_id` bigint(20) NULL DEFAULT NULL COMMENT '套餐id',
  `dish_flavor` varchar(50) CHARACTER SET utf8 COLLATE utf8_bin NULL DEFAULT NULL COMMENT '口味',
  `number` int(11) NOT NULL DEFAULT 1 COMMENT '数量',
  `amount` decimal(10, 2) NOT NULL COMMENT '金额',
  `create_time` datetime NULL DEFAULT NULL COMMENT '创建时间',
  PRIMARY KEY (`id`) USING BTREE
) ENGINE = InnoDB AUTO_INCREMENT = 11 CHARACTER SET = utf8 COLLATE = utf8_bin COMMENT = '购物车' ROW_FORMAT = Dynamic;

-- ----------------------------
-- Records of shopping_cart
-- ----------------------------
INSERT INTO `shopping_cart` VALUES (15, '打工人2号套餐', 'https://take-out-file.oss-cn-beijing.aliyuncs.com/b59fb7e4-5196-424a-b751-73d2dc2f102b.png', 4, NULL, 33, NULL, 1, 120.00, '2024-07-11 14:59:57');

-- ----------------------------
-- Table structure for user
-- ----------------------------
DROP TABLE IF EXISTS `user`;
CREATE TABLE `user`  (
  `id` bigint(20) NOT NULL AUTO_INCREMENT COMMENT '主键',
  `openid` varchar(45) CHARACTER SET utf8 COLLATE utf8_bin NULL DEFAULT NULL COMMENT '微信用户唯一标识',
  `name` varchar(32) CHARACTER SET utf8 COLLATE utf8_bin NULL DEFAULT NULL COMMENT '姓名',
  `phone` varchar(11) CHARACTER SET utf8 COLLATE utf8_bin NULL DEFAULT NULL COMMENT '手机号',
  `sex` varchar(2) CHARACTER SET utf8 COLLATE utf8_bin NULL DEFAULT NULL COMMENT '性别',
  `id_number` varchar(18) CHARACTER SET utf8 COLLATE utf8_bin NULL DEFAULT NULL COMMENT '身份证号',
  `avatar` varchar(500) CHARACTER SET utf8 COLLATE utf8_bin NULL DEFAULT NULL COMMENT '头像',
  `create_time` datetime NULL DEFAULT NULL,
  PRIMARY KEY (`id`) USING BTREE
) ENGINE = InnoDB AUTO_INCREMENT = 5 CHARACTER SET = utf8 COLLATE = utf8_bin COMMENT = '用户信息' ROW_FORMAT = Dynamic;

-- ----------------------------
-- Records of user
-- ----------------------------
INSERT INTO `user` VALUES (4, 'oCHN46-BvVOn8tq_EJZszkPwimSo', NULL, NULL, NULL, NULL, NULL, '2024-06-29 17:33:22');

SET FOREIGN_KEY_CHECKS = 1;
